Min Value,Remap,xbeta
1,b01>   1,0
2,02 >   2,0.036174716
3,03 >   3,0.071411719
4,04 > 4-5,0.124023964
6,05 >  6+,0.191181155
